{"cameraMode":{"drawMode":0,"name":"Shaded","section":"Shading Mode"},"sceneLighting":false,"audioPlay":false,"sceneViewState":{"m_AlwaysRefresh":false,"showFog":true,"showSkybox":false,"showFlares":true,"showImageEffects":true,"showParticleSystems":true,"showVisualEffectGraphs":true,"m_FxEnabled":true},"in2DMode":false,"pivot":{"x":144.05101013183595,"y":-2.5512800216674806,"z":179.77069091796876},"rotation":{"x":0.6667124032974243,"y":-0.004258300643414259,"z":0.0005086733144707978,"w":0.7460214495658875},"size":4.833470821380615,"orthographic":true}