{"cameraMode":{"drawMode":0,"name":"Shaded","section":"Shading Mode"},"sceneLighting":true,"audioPlay":false,"sceneViewState":{"m_AlwaysRefresh":false,"showFog":true,"showSkybox":false,"showFlares":true,"showImageEffects":true,"showParticleSystems":true,"showVisualEffectGraphs":true,"m_FxEnabled":true},"in2DMode":false,"pivot":{"x":239.63192749023438,"y":9.347356796264649,"z":160.9918212890625},"rotation":{"x":-0.034853629767894748,"y":-0.9121337532997131,"z":0.4012802243232727,"w":-0.08319280296564102},"size":19.170799255371095,"orthographic":false}